LOCI	BC.7.1.6	BC.7.1.7	WA.6.2.7	WA.7.1.7	WA.7.1.8	OR.7.1.8	OR.6.2.7	CA.6.2.11	CA.7.1.8	CA.11.1.1	CA.6.2.12	CA.11.1.3
1f0215	1	1	1	1	1	1	1	0.01	0.01	0.01	0.01	0.01
1f0287	1	1	1	1	1	1	1	0.01	0.01	0.01	0.01	0.01
1f0441	1	1	1	1	1	1	1	1	0.01	1	1	0.01
1f0481	1	1	1	1	1	1	1	1	0.01	0.01	0.01	0.01
1f0524	1	1	1	1	1	1	1	0.01	0.01	0.01	0.01	0.01
1f0924	1	1	1	1	1	1	1	0.01	0.01	0.01	0.01	0.01
1f0927	1	1	1	1	1	1	1	0.01	0.01	1	1	1
1f0984	0.01	1	0.01	0.01	0.01	1	1	0.01	0.01	1	0.01	0.01
1f1134	1	1	1	1	1	1	1	0.01	0.01	1	0.01	1
1f1228	1	1	1	1	1	1	1	0.01	0.01	1	0.01	0.01
1f1351	1	1	1	1	1	1	1	1	0.01	1	1	0.01
1f22725	1	1	1	1	1	1	1	0.01	0.01	0.01	0.01	0.01
1f2335	1	1	1	1	1	1	1	0.01	0.01	0.01	0.01	0.01
1f5928	1	1	1	1	1	1	1	1	0.01	0.01	0.01	0.01
2f0009	1	1	0.01	0.01	1	1	1	0.01	0.01	0.01	1	0.01
2f0018	1	1	1	1	1	1	1	1	0.01	1	0.01	0.01
2f0049	1	1	1	1	1	1	1	1	0.01	0.01	0.01	0.01
2f0218	1	1	1	1	1	1	1	0.01	0.01	0.01	0.01	0.01
2f0234	1	1	1	1	1	1	1	0.01	0.01	0.01	0.01	0.01
2f0290	1	1	1	1	1	1	1	0.01	0.01	0.01	0.01	0.01
2f0346	1	1	1	1	1	1	1	0.01	0.01	0.01	0.01	0.01
2f0617	0.01	1	0.01	0.01	0.01	1	1	0.01	0.01	0.01	0.01	0.01
2f0629	1	1	1	1	1	1	1	0.01	1	1	1	1
2f20123	1	1	1	1	1	1	1	0.01	0.01	0.01	0.01	0.01
M0020	1	1	1	1	1	1	1	0.01	0.01	0.01	0.01	0.01
M0065	1	1	1	1	1	1	1	1	0.01	0.01	0.01	0.01
M0121	0.01	1	0.01	0.01	0.01	1	1	0.01	0.01	1	0.01	1
M0305	1	1	1	1	0.01	1	1	1	0.01	0.01	0.01	0.01
M0659	0.01	1	0.01	0.01	0.01	0.01	0.01	0.01	0.01	0.01	0.01	0.01
M0679	1	1	1	1	1	1	1	0.01	0.01	1	0.01	0.01
M0823	1	1	1	0.01	0.01	1	1	0.01	0.01	0.01	0.01	0.01
M0886	1	1	1	1	1	1	1	0.01	0.01	1	1	1
M1086	1	1	1	1	1	1	1	0.01	0.01	0.01	0.01	0.01
M10862	1	1	1	1	1	1	1	0.01	0.01	1	0.01	0.01
M1191e	1	1	1	1	1	1	1	0.01	0.01	1	1	1
M12182	1	1	1	1	1	1	1	1	0.01	1	0.01	0.01
M1308	1	1	1	1	1	1	1	1	0.01	1	1	1
M13bis	1	1	1	1	1	1	1	0.01	0.01	1	0.01	1
M1481	1	1	1	1	1	1	1	0.01	0.01	0.01	0.01	0.01
M1489	1	1	1	1	1	1	1	1	0.01	0.01	0.01	0.01
M1557	1	1	1	1	1	1	1	0.01	0.01	1	0.01	0.01
M1856	1	1	1	1	0.01	1	1	0.01	0.01	0.01	0.01	0.01
M1906	1	1	1	1	1	1	1	0.01	0.01	0.01	0.01	0.01
M2059	1	1	1	1	1	1	1	1	0.01	1	0.01	0.01
M2074	1	1	1	0.01	1	1	1	0.01	0.01	1	1	0.01
M2076	1	1	1	1	1	1	1	0.01	0.01	1	1	1
M2109	1	1	1	1	1	1	1	1	0.01	0.01	0.01	0.01
M2155	1	1	1	1	1	1	1	0.01	0.01	1	0.01	0.01
M2417	1	1	1	1	1	1	1	0.01	0.01	1	0.01	1
M2793	1	1	1	1	1	1	1	1	0.01	0.01	0.01	0.01
M3075	1	1	1	1	1	1	1	0.01	0.01	0.01	0.01	0.01
M3089	1	1	1	1	1	1	1	0.01	0.01	0.01	0.01	0.01
M3090	1	1	1	1	0.01	1	1	0.01	0.01	1	1	0.01
M3120	1	1	1	1	1	1	1	1	1	0.01	0.01	0.01
M3136	1	1	1	1	1	1	1	1	1	1	0.01	0.01
M3252	1	1	1	1	1	1	1	0.01	0.01	0.01	0.01	0.01
M3784	1	1	1	1	1	1	1	0.01	0.01	0.01	0.01	0.01
M3814	1	1	1	1	1	1	1	0.01	1	0.01	0.01	0.01
M3882	1	1	1	1	1	1	1	0.01	0.01	0.01	0.01	0.01
M3918	1	1	1	1	1	1	1	1	0.01	1	1	1
M3941	1	1	1	1	0.01	1	1	0.01	0.01	0.01	0.01	0.01
M3989	1	1	1	1	1	1	1	0.01	0.01	1	0.01	0.01
M3999	1	1	1	1	1	1	1	0.01	0.01	0.01	0.01	0.01
M4002	1	1	1	1	1	1	1	0.01	1	1	1	0.01
M4044	1	1	1	1	1	1	1	0.01	0.01	0.01	0.01	0.01
M4049	1	1	1	1	1	1	1	0.01	0.01	0.01	0.01	0.01
M4074	1	1	1	1	1	1	1	1	0.01	1	1	0.01
M4091	1	1	1	1	1	1	1	1	1	1	1	1
M4144	0.01	1	0.01	1	1	1	1	0.01	0.01	0.01	0.01	1
M4174	1	1	1	1	1	1	1	1	1	1	0.01	0.01
M4186	0.01	1	0.01	0.01	0.01	0.01	0.01	0.01	0.01	0.01	0.01	0.01
M4218	1	1	1	1	1	1	1	0.01	0.01	1	0.01	0.01
M4258	0.01	1	0.01	1	1	1	1	0.01	0.01	0.01	0.01	1
M4278	1	1	1	1	1	1	1	0.01	0.01	0.01	0.01	0.01
M4308	1	1	1	1	1	1	1	0.01	0.01	1	1	0.01
M4381	1	1	1	1	0.01	1	1	0.01	0.01	1	0.01	0.01
M4385	0.01	1	0.01	1	1	1	1	0.01	0.01	1	0.01	0.01
M4393	1	1	1	1	1	1	1	0.01	0.01	1	0.01	1
M4438	1	1	1	1	1	1	1	0.01	0.01	0.01	0.01	0.01
M4455	1	1	1	1	1	1	1	0.01	0.01	1	1	0.01
M4472	1	1	1	1	1	1	1	1	1	0.01	0.01	0.01
M4512	1	1	1	1	1	1	1	1	0.01	1	1	1
M4566	1	1	1	1	1	1	1	0.01	0.01	1	1	1
M4604	1	1	1	1	1	1	1	1	0.01	1	0.01	0.01
M4663	1	1	1	1	1	1	1	0.01	0.01	0.01	0.01	0.01
M4665	1	1	1	1	1	1	1	0.01	0.01	0.01	0.01	0.01
M4679	1	1	1	1	1	1	1	0.01	0.01	1	0.01	0.01
M4696	1	1	1	1	1	1	1	0.01	0.01	1	1	0.01
M4723	1	1	1	1	1	1	1	1	0.01	1	0.01	1
M4724	1	1	1	1	1	1	1	0.01	0.01	0.01	0.01	0.01
M4731	1	1	1	0.01	0.01	1	1	0.01	0.01	0.01	0.01	0.01
M4829	1	1	1	1	1	1	1	0.01	0.01	0.01	0.01	0.01
M4840	1	1	1	1	1	1	1	0.01	0.01	1	0.01	0.01
M4847	1	1	1	1	0.01	1	1	0.01	0.01	0.01	0.01	1
M4850	1	1	1	1	1	1	1	0.01	0.01	0.01	0.01	0.01
M4896	1	1	1	1	1	1	1	0.01	1	1	1	1
M4906	1	1	1	1	1	1	1	1	0.01	1	0.01	0.01
M4923	1	1	1	1	1	1	1	0.01	0.01	0.01	0.01	0.01
M4998	0.01	1	0.01	0.01	0.01	1	1	1	0.01	1	0.01	0.01
M5062	1	1	1	1	1	1	1	1	0.01	1	0.01	0.01
M5095	1	1	1	1	1	1	1	0.01	0.01	1	0.01	1
M5112	0.01	1	1	1	1	1	1	0.01	0.01	0.01	0.01	0.01
M5227	1	1	1	1	1	1	1	0.01	0.01	0.01	0.01	0.01
M5231	1	1	1	1	1	1	1	0.01	0.01	1	1	1
M5287	1	1	1	1	1	1	1	0.01	0.01	0.01	0.01	0.01
M5418	1	1	1	1	1	1	1	0.01	0.01	0.01	0.01	0.01
M5421	1	1	1	1	1	1	1	0.01	0.01	1	1	0.01
M5463	1	1	0.01	1	1	1	1	1	0.01	0.01	0.01	0.01
M5646	1	1	1	1	0.01	1	1	0.01	0.01	0.01	0.01	0.01
M5761	1	1	1	1	1	1	1	0.01	1	1	0.01	0.01
M5820	1	1	1	1	1	1	1	1	0.01	0.01	0.01	0.01
M6002	1	1	1	1	1	1	1	0.01	0.01	0.01	0.01	0.01
M6157	1	1	1	1	1	1	1	0.01	0.01	0.01	0.01	0.01
M6318	1	1	1	1	1	1	1	0.01	0.01	0.01	0.01	0.01
M6339	1	1	1	1	1	1	1	0.01	0.01	0.01	0.01	0.01
M6560	1	1	1	1	0.01	1	1	0.01	0.01	1	0.01	0.01
M6578	1	1	1	1	1	1	1	1	1	0.01	0.01	0.01
M6626	1	1	1	1	1	1	1	1	0.01	0.01	0.01	0.01
M6682	1	1	1	1	1	1	1	1	0.01	1	1	0.01
M7509	1	1	1	1	1	1	1	0.01	0.01	0.01	0.01	0.01
M7588	1	1	1	1	1	1	1	0.01	0.01	0.01	0.01	0.01
M7702	1	1	1	1	1	1	1	0.01	0.01	0.01	0.01	0.01
M7856	1	1	1	1	1	1	1	1	1	1	1	0.01
M8509	0.01	1	1	1	1	1	1	0.01	0.01	0.01	0.01	0.01
M8688	1	1	1	1	1	1	1	1	0.01	0.01	0.01	0.01
M9048	1	1	1	1	1	1	1	0.01	0.01	0.01	1	0.01
M9291	1	1	1	1	1	1	1	0.01	0.01	1	0.01	1
BC.7.1.7	1	1	1	1	1	1	1	1	1	1	1	1
